Modelo,MAE,RMSE,R²
RandomForestRegressor,7195.318120676951,34418.88990327815,0.2500522943171697
LinearRegression,7934.725000004205,34470.31837466603,0.247809486443325
