Modelo,MAE,RMSE,R²
RandomForestRegressor_log,6258.177431955088,35779.89814994191,0.18957008684438725
LinearRegression_log,7226.577095233995,39130.78124518765,0.030664094405515874
